{"stat.useItem.82":2,"stat.useItem.35":1,"stat.useItem.323":54,"stat.fallOneCm":2403,"achievement.openInventory":31,"stat.jump":603,"achievement.exploreAllBiomes":{"value":0,"progress":["Plains"]},"stat.useItem.57":342,"stat.damageTaken":49078,"stat.deaths":47,"stat.climbOneCm":573,"stat.useItem.109":1,"stat.useItem.77":18,"stat.useItem.151":3,"stat.useItem.95":4,"stat.useItem.156":72,"stat.drop":95,"stat.useItem.159":20,"stat.flyOneCm":1110478,"stat.useItem.155":155,"stat.useItem.137":31,"stat.useItem.139":18,"stat.useItem.356":4,"stat.useItem.331":9,"stat.useItem.355":40,"stat.walkOneCm":366906,"stat.useItem.44":779,"stat.playOneMinute":213880}