{"stat.useItem.139":6,"stat.useItem.30":13,"achievement.exploreAllBiomes":{"value":0,"progress":["Plains"]},"stat.useItem.404":1,"achievement.openInventory":62,"stat.useItem.323":2,"stat.useItem.355":1,"stat.fallOneCm":56808,"stat.flyOneCm":462145,"stat.useItem.152":4,"stat.climbOneCm":37,"stat.useItem.95":18,"stat.useItem.156":4,"stat.drop":37,"stat.mineBlock.95":2,"stat.damageTaken":101462,"stat.useItem.155":25,"stat.useItem.76":9,"stat.useItem.57":87,"stat.playOneMinute":101978,"stat.useItem.356":8,"stat.deaths":60,"stat.jump":463,"stat.useItem.331":13,"stat.useItem.137":4,"stat.walkOneCm":212286,"stat.useItem.77":2,"stat.useItem.35":2,"stat.useItem.44":67}