{"stat.killEntity.Sheep":2,"stat.useItem.3":532,"stat.useItem.65":8,"stat.useItem.351":375,"achievement.exploreAllBiomes":{"value":0,"progress":["Plains"]},"stat.useItem.324":4,"stat.useItem.126":117,"stat.useItem.53":16,"stat.useItem.30":16,"achievement.openInventory":244,"stat.damageDealt":1500,"stat.useItem.96":29,"stat.useItem.50":6,"stat.killEntity.Cow":2,"stat.useItem.323":11,"stat.useItem.5":644,"stat.useItem.31":22,"stat.fallOneCm":11224,"stat.flyOneCm":2383262,"stat.useItem.283":15,"stat.useItem.160":10,"stat.damageTaken":1270,"stat.useItem.4":12,"stat.useItem.380":21,"stat.useItem.86":8,"stat.useItem.294":322,"stat.useItem.321":21,"stat.useItem.69":2,"stat.climbOneCm":2486,"stat.killEntity.Chicken":18,"stat.drop":5,"stat.useItem.164":2,"stat.leaveGame":6,"stat.diveOneCm":9693,"stat.useItem.6":1,"stat.useItem.131":4,"stat.useItem.159":541,"stat.useItem.109":38,"stat.useItem.295":160,"stat.useItem.17":786,"stat.useItem.85":712,"stat.useItem.383":76,"stat.playOneMinute":381115,"stat.useItem.114":4,"stat.useItem.107":16,"stat.deaths":2,"stat.useItem.58":3,"stat.swimOneCm":7578,"stat.useItem.113":7,"stat.useItem.389":12,"stat.mobKills":22,"stat.useItem.171":28,"stat.useItem.98":41,"stat.walkOneCm":661003,"stat.useItem.77":12,"stat.useItem.35":129,"stat.useItem.170":225,"stat.useItem.44":159,"stat.useItem.67":10,"stat.jump":526,"stat.useItem.1":316,"stat.useItem.20":8,"stat.useItem.13":369,"stat.useItem.110":2,"stat.useItem.102":35,"stat.useItem.101":19}