{"stat.killEntity.Sheep":17,"stat.useItem.338":58,"stat.useItem.3":285,"stat.useItem.65":18,"stat.useItem.351":1393,"achievement.exploreAllBiomes":{"value":0,"progress":["Plains"]},"stat.useItem.324":8,"stat.useItem.126":151,"stat.useItem.53":55,"stat.useItem.89":60,"achievement.openInventory":299,"stat.useItem.361":3,"stat.useItem.151":1,"stat.damageDealt":4220,"stat.useItem.23":1,"stat.useItem.96":6,"stat.useItem.50":38,"stat.killEntity.Cow":4,"stat.useItem.323":12,"stat.useItem.5":1351,"stat.useItem.31":3,"stat.useItem.293":887,"stat.flyOneCm":2111273,"stat.useItem.160":96,"stat.damageTaken":700,"stat.useItem.47":18,"stat.useItem.4":32,"stat.useItem.86":41,"stat.useItem.380":2,"stat.killEntity.EntityHorse":7,"stat.climbOneCm":1188,"stat.useItem.156":170,"stat.useItem.18":14,"stat.killEntity.Chicken":23,"stat.drop":17,"stat.useItem.175":293,"stat.useItem.155":62,"stat.leaveGame":4,"stat.diveOneCm":6143,"stat.useItem.6":6,"stat.useItem.131":9,"stat.useItem.330":3,"stat.useItem.54":1,"stat.useItem.159":848,"stat.useItem.109":309,"stat.useItem.295":1092,"stat.useItem.17":455,"stat.useItem.61":1,"stat.useItem.85":530,"stat.useItem.80":6,"stat.useItem.116":1,"stat.useItem.383":41,"stat.playOneMinute":400207,"stat.killEntity.Pig":1,"stat.useItem.58":7,"stat.swimOneCm":1511,"stat.mobKills":52,"stat.useItem.389":2,"stat.useItem.42":1,"stat.useItem.171":14,"stat.useItem.390":1,"stat.useItem.98":26,"stat.walkOneCm":1130483,"stat.useItem.77":1,"stat.useItem.145":1,"stat.useItem.35":841,"stat.useItem.170":38,"stat.useItem.44":319,"stat.useItem.276":50,"stat.jump":885,"stat.useItem.1":1,"stat.useItem.20":5,"stat.useItem.13":80}