{"stat.useItem.minecraft.anvil":1,"stat.crouchOneCm":512,"stat.useItem.minecraft.fence_gate":6,"stat.useItem.minecraft.command_block":2,"stat.useItem.minecraft.wooden_door":2,"achievement.openInventory":46,"stat.useItem.minecraft.cobblestone":2,"stat.useItem.minecraft.fence":2,"stat.useItem.minecraft.stone_button":2,"achievement.exploreAllBiomes":{"value":0,"progress":["Plains"]},"stat.flyOneCm":206491,"stat.useItem.minecraft.writable_book":1,"stat.useItem.minecraft.double_plant":296,"stat.useItem.minecraft.stone":1,"stat.climbOneCm":183,"stat.useItem.minecraft.redstone":14,"stat.useItem.minecraft.potion":150,"stat.drop":11,"stat.useItem.minecraft.repeater":8,"stat.timeSinceDeath":35002,"stat.leaveGame":1,"stat.useItem.minecraft.glowstone":6,"stat.diveOneCm":4125,"stat.useItem.minecraft.lever":1,"stat.playOneMinute":35061,"stat.useItem.minecraft.redstone_torch":6,"stat.jump":49,"stat.swimOneCm":1018,"stat.useItem.minecraft.piston":1,"stat.useItem.minecraft.spawn_egg":15,"stat.walkOneCm":42411,"stat.sprintOneCm":339,"stat.useItem.minecraft.dirt":25}