{"stat.useItem.minecraft.anvil":4,"stat.useItem.minecraft.glass_pane":27,"stat.useItem.minecraft.chest":21,"stat.useItem.minecraft.fence_gate":1,"stat.useItem.minecraft.iron_bars":10,"stat.useItem.minecraft.stone_brick_stairs":37,"stat.useItem.minecraft.web":41,"stat.useItem.minecraft.cobblestone":125,"stat.useItem.minecraft.stone_button":5,"stat.useItem.minecraft.leaves":317,"stat.useItem.minecraft.quartz_block":34,"stat.useItem.minecraft.command_block":28,"stat.useItem.minecraft.wooden_door":5,"stat.useItem.minecraft.stained_glass":77,"achievement.openInventory":551,"stat.damageDealt":160,"stat.useItem.minecraft.fence":252,"stat.useItem.minecraft.item_frame":43,"stat.useItem.minecraft.brick_block":9,"stat.useItem.minecraft.iron_block":592,"stat.useItem.minecraft.brewing_stand":8,"stat.crouchOneCm":36044,"stat.useItem.minecraft.stained_glass_pane":22,"stat.useItem.minecraft.potato":365,"achievement.exploreAllBiomes":{"value":0,"progress":["Plains"]},"stat.useItem.minecraft.log":160,"stat.useItem.minecraft.bedrock":6,"stat.useItem.minecraft.spruce_door":4,"stat.useItem.minecraft.hay_block":56,"stat.useItem.minecraft.planks":430,"stat.useItem.minecraft.quartz_stairs":542,"stat.flyOneCm":4522779,"stat.useItem.minecraft.writable_book":2,"stat.useItem.minecraft.red_flower":16,"stat.useItem.minecraft.coal_ore":34,"stat.useItem.minecraft.prismarine":28,"stat.damageTaken":733,"stat.useItem.minecraft.torch":35,"stat.useItem.minecraft.milk_bucket":3,"stat.useItem.minecraft.bed":1,"stat.useItem.minecraft.monster_egg":6,"stat.useItem.minecraft.sponge":2,"stat.useItem.minecraft.wheat_seeds":73,"stat.useItem.minecraft.oak_stairs":41,"stat.useItem.minecraft.yellow_flower":1,"stat.useItem.minecraft.stained_hardened_clay":924,"stat.useItem.minecraft.skull":3,"stat.useItem.minecraft.stonebrick":207,"stat.useItem.minecraft.dye":2548,"stat.useItem.minecraft.stone":882,"stat.useItem.minecraft.golden_axe":2,"stat.useItem.minecraft.trapped_chest":23,"stat.useItem.minecraft.rail":1,"stat.useItem.minecraft.ladder":2,"stat.useItem.minecraft.double_plant":876,"stat.climbOneCm":32832,"stat.useItem.minecraft.redstone":24,"stat.useItem.minecraft.sapling":423,"stat.drop":6,"stat.useItem.minecraft.diamond_block":12,"stat.useItem.minecraft.repeater":17,"stat.useItem.minecraft.nether_brick_fence":3,"stat.useItem.minecraft.comparator":13,"stat.useItem.minecraft.glowstone":55,"stat.useItem.minecraft.spruce_stairs":44,"stat.useItem.minecraft.reeds":20,"stat.useItem.minecraft.stone_slab":560,"stat.useItem.minecraft.barrier":78,"stat.useItem.minecraft.lapis_block":1,"stat.useItem.minecraft.crafting_table":9,"stat.playOneMinute":1440516,"stat.useItem.minecraft.hopper":99,"stat.leaveGame":17,"stat.diveOneCm":80407,"stat.useItem.minecraft.lever":10,"stat.useItem.minecraft.glass":275,"stat.timeSinceDeath":1168301,"stat.useItem.minecraft.iron_trapdoor":3,"stat.useItem.minecraft.gravel":187,"stat.useItem.minecraft.painting":29,"stat.useItem.minecraft.golden_hoe":1,"stat.useItem.minecraft.wool":304,"stat.useItem.minecraft.tripwire_hook":1,"stat.useItem.minecraft.mossy_cobblestone":23,"stat.useItem.minecraft.pumpkin":22,"stat.swimOneCm":14089,"stat.useItem.minecraft.dark_oak_door":1,"stat.walkOneCm":2634662,"stat.useItem.minecraft.sandstone":507,"stat.useItem.minecraft.iron_door":10,"stat.useItem.minecraft.carpet":7,"stat.jump":2281,"stat.useItem.minecraft.beacon":2,"stat.useItem.minecraft.red_sandstone_stairs":218,"stat.useItem.minecraft.cobblestone_wall":2,"stat.useItem.minecraft.coal_block":22,"stat.deaths":3,"stat.useItem.minecraft.written_book":1,"stat.useItem.minecraft.vine":36,"stat.useItem.minecraft.wooden_slab":135,"stat.useItem.minecraft.stone_stairs":1,"stat.useItem.minecraft.sign":94,"stat.minecartOneCm":9489,"stat.useItem.minecraft.birch_stairs":1,"stat.useItem.minecraft.diamond_hoe":1335,"stat.useItem.minecraft.stone_slab2":2,"stat.useItem.minecraft.armor_stand":1,"stat.useItem.minecraft.cauldron":1,"stat.useItem.minecraft.banner":8,"stat.useItem.minecraft.spawn_egg":36,"stat.useItem.minecraft.trapdoor":18,"stat.useItem.minecraft.sea_lantern":220,"stat.sprintOneCm":27317,"stat.useItem.minecraft.dirt":1039}