{"stat.useItem.minecraft.string":3,"stat.useItem.minecraft.quartz_block":83,"stat.useItem.minecraft.painting":34,"stat.useItem.minecraft.repeater":675,"stat.leaveGame":46,"stat.useItem.minecraft.diamond_sword":145,"stat.useItem.minecraft.glowstone":33,"stat.mineBlock.minecraft.stained_glass":1,"stat.swimOneCm":8762,"stat.useItem.minecraft.planks":197,"stat.climbOneCm":23796,"stat.useItem.minecraft.coal_block":4,"stat.useItem.minecraft.obsidian":10,"stat.useItem.minecraft.redstone_torch":188,"stat.useItem.minecraft.dirt":214,"achievement.exploreAllBiomes":{"value":0,"progress":["Plains"]},"stat.useItem.minecraft.diamond_hoe":2,"stat.useItem.minecraft.detector_rail":2,"stat.useItem.minecraft.rail":52,"stat.useItem.minecraft.stone_shovel":1,"stat.useItem.minecraft.anvil":2,"stat.useItem.minecraft.brick_block":24,"stat.flyOneCm":8608788,"stat.useItem.minecraft.brown_mushroom":1,"stat.killEntity.Villager":38,"stat.timeSinceDeath":296,"stat.useItem.minecraft.sign":105,"stat.useItem.minecraft.spawn_egg":25,"stat.useItem.minecraft.wooden_slab":18,"stat.useItem.minecraft.iron_door":1,"stat.useItem.minecraft.lever":12,"stat.useItem.minecraft.hardened_clay":8,"stat.useItem.minecraft.potato":102,"stat.talkedToVillager":4,"stat.useItem.minecraft.minecart":7,"stat.useItem.minecraft.double_plant":679,"stat.useItem.minecraft.redstone":846,"stat.useItem.minecraft.milk_bucket":8,"stat.useItem.minecraft.sea_lantern":12,"achievement.mineWood":1,"stat.useItem.minecraft.written_book":11,"stat.useItem.minecraft.trapdoor":4,"stat.useItem.minecraft.stained_glass":37,"stat.sprintOneCm":258465,"stat.useItem.minecraft.fence":18,"stat.useItem.minecraft.dark_oak_door":2,"stat.useItem.minecraft.stone_slab":71,"achievement.openInventory":1219,"stat.useItem.minecraft.snowball":25,"stat.useItem.minecraft.wheat_seeds":1,"stat.useItem.minecraft.wooden_button":12,"stat.useItem.minecraft.hopper":210,"stat.useItem.minecraft.dye":111,"stat.deaths":15,"stat.drop":48,"stat.playOneMinute":2444080,"stat.killEntity.Zombie":21,"stat.diveOneCm":28514,"stat.useItem.minecraft.sticky_piston":9,"stat.useItem.minecraft.stone":967,"stat.useItem.minecraft.quartz_stairs":44,"stat.useItem.minecraft.carpet":17,"stat.useItem.minecraft.potion":21,"stat.jump":4082,"stat.useItem.minecraft.wooden_hoe":2,"stat.fallOneCm":15888,"stat.useItem.minecraft.trapped_chest":4,"stat.useItem.minecraft.piston":1,"stat.crouchOneCm":18622,"stat.useItem.minecraft.stone_button":4,"stat.useItem.minecraft.coal_ore":15,"stat.useItem.minecraft.dispenser":1,"stat.useItem.minecraft.glass":323,"stat.useItem.minecraft.golden_rail":39,"stat.damageTaken":2305,"stat.useItem.minecraft.reeds":3,"stat.useItem.minecraft.stone_sword":24,"stat.damageDealt":14070,"stat.useItem.minecraft.wool":147,"stat.mineBlock.minecraft.dirt":1,"stat.useItem.minecraft.iron_bars":6,"stat.useItem.minecraft.command_block":472,"stat.walkOneCm":3455369,"stat.useItem.minecraft.torch":14,"stat.useItem.minecraft.chest":18,"stat.useItem.minecraft.pumpkin":1,"stat.useItem.minecraft.log":4,"stat.useItem.minecraft.comparator":134,"stat.useItem.minecraft.cobblestone":10,"stat.useItem.minecraft.tnt":7,"stat.useItem.minecraft.gravel":19,"stat.minecartOneCm":20849,"stat.useItem.minecraft.redstone_block":33,"stat.useItem.minecraft.item_frame":29,"stat.useItem.minecraft.stained_hardened_clay":33,"stat.useItem.minecraft.leaves":51,"stat.useItem.minecraft.tallgrass":4,"stat.useItem.minecraft.deadbush":1,"stat.useItem.minecraft.prismarine":2,"stat.useItem.minecraft.barrier":167,"stat.useItem.minecraft.iron_block":380,"stat.mobKills":59,"stat.useItem.minecraft.stonebrick":71,"stat.useItem.minecraft.wooden_door":1,"stat.useItem.minecraft.spruce_door":8,"stat.useItem.minecraft.writable_book":7,"stat.useItem.minecraft.sandstone":2}